{"signed_files":[{"filename":"Config.json","signature":"e+G4qPfw5ha4NaXkenwv0pMVo1hPs4hlS07Js1IPjR8milFWfAmDbTF3nIgcqT86vjcZSQxvx9TLADk\/1xsusueBg6ujEQLpYaQNvh4TXzsaW12rfButdXopFn7TrFy2v+gHkDSazGkMRd2geSeh8hyT5NWT2TyH9K6Vc6jj99ADlmkxWbiolv18dG0vlnnEwyXhXwuGdHnz24PGOzbIRuoa4l\/2nWLGa3ak3Pon8eRgKU3ZZQrkevlZf3hpbjGV8Dc1YPfrqLvkBrrEX0wFld9nlAIVb\/kR42914EOh3e1+ecUGqjsTk01OxHDiYhX5oSLCeLNpNGSUFP\/JiwgRwA=="},{"filename":"Profile.01.xtu","signature":"At9OzJ7ZawiGndESXiP+RmdARuV5S+L2LA7435iZAwaZirWNwcIXMMGt0y5QZsn6aYgMzUSA4L60ntbCnViGKrZ9WPXIrvwUUusJzAV6vrhZnfRJ3FHk7ZrM4dhiaCRG3z3Og0U1qQRTGc\/FsAuKrXmG\/xA23MFlYqpxL\/t1iu5683VH7U5R00meOeql6k9a+YRjjnOMMV7ndt9Tnsw09A9Rx\/i21fzcvzZt\/dEJMUWehPIIYAqgyqCByzpgFgb+nUiZF2BxLwtaVqYMQhCsvmHPGXup0pyYNeTSzpSRsH3O5Uo6MpS65AxKyJ6FLyJle0JIsqYORuoBER6+bhXySA=="},{"filename":"Profile.02.xtu","signature":"NB2\/W2g95wCL01AMQwk\/vOrs8D91Z2wAUCQT7QV4Qv902o1EkYFbxMO+ALgaljYuC6zfiSmtv6a3GA1V4UwMKTylbt\/saW3iZwfOyqvezy5IgKx0M0031ATmcDgeDl9mjGPGsSUVmeb5EDp5Tu1LgRzywLF3uk1gbwDKcIpW0JjjFFAAXqSy41VPCJ+ez4bJ871AAso3OChP\/6MYC1d7MEOJrOUO0tk5DldwylPeECeCbLlEO+mTa+Sem3uaijxqlRd3cxtlojoxsOvRAXQ1\/MVuhBj0A6chUxBBS9MutFH7aNpqF2up8XOVReDYWlFY+9x9hQNLdNL3mjMLZNPH5A=="},{"filename":"Profile.Custom.xtu","signature":"NB2\/W2g95wCL01AMQwk\/vOrs8D91Z2wAUCQT7QV4Qv902o1EkYFbxMO+ALgaljYuC6zfiSmtv6a3GA1V4UwMKTylbt\/saW3iZwfOyqvezy5IgKx0M0031ATmcDgeDl9mjGPGsSUVmeb5EDp5Tu1LgRzywLF3uk1gbwDKcIpW0JjjFFAAXqSy41VPCJ+ez4bJ871AAso3OChP\/6MYC1d7MEOJrOUO0tk5DldwylPeECeCbLlEO+mTa+Sem3uaijxqlRd3cxtlojoxsOvRAXQ1\/MVuhBj0A6chUxBBS9MutFH7aNpqF2up8XOVReDYWlFY+9x9hQNLdNL3mjMLZNPH5A=="},{"filename":"Profile.Default.xtu","signature":"kXDkBlN2UgKEmu4g8E9rm3WnclrK2ArreJozSyAeNLOooOQZddZV1NXkLvtG6czmaYHwSuOh4DjEuaPZLm7f9984Qf6pzIrTAc7ZWuRoNaOMcWV4pH\/GrrLJNGZjgGlUL\/squSh\/UmIghFYkUgKR3+n\/2aNC2nzS00xfqz\/vt7aK7GiBfwyp7yqIXmCVTuoHURqosEQS153\/QKHDoW+KWsDNQExxOXhc54PA6NB7rkn3DTAYCOy4ONsJlfF+mnKEyq+uQZdxq3m\/BRwXCQnxeRH9COSTG0FfXC9NqlHnMYaChb4PGDj83BP1HjvMx6mNl7ncD4uv2Dtoj+WpO5NE4w=="}]}