{"signed_files":[{"filename":"Config.json","signature":"e3NGNlPDx1TKUQpCOu3jzqzboEpFpnThF\/mSR1TC5VuZv2rpICaqrYmLLq9c+neMLHq71i8i6sGx8fmjB05CaKwYTT5QELrP1\/srO3zTgfX81EGQcK38z8TCTSzTTUWHk1TKD7jFu6gl6Owro0oR4NcSXsY7uHbXI9pZU2LflmiMALKAPcJcHV7ZSKALKlSsw8j\/aLVkOadmg8QKhjJROkC7SRVGJpEGdySesIwGB2odLrKF2y4cluvR9GVlzxxBLrvCWyaGFFErDwkFwAxsBP4Ap5EVBrz1CBzbmVl5d8hXwf9Y\/UZje22GYZ\/MCAuQ\/dBeBA3B+KueVgPB\/xuUSg=="},{"filename":"Profile.01.xtu","signature":"TAg5Kvne0qgRvzNlyYh7IxPcQ5wrGdCIDTTLFR2npecXaR84rRO0C5614PB+QU8aW5Gxxay4G64wFM7DA+Whn7JE1XtQJPVuH0UsKJEsIisBFW3G70hp2ZEitXOBYylw0\/0WSfzDKO2TuShgwFW5CNl17uqwy7XQ5TdEidJKQMryx2zOYAomv2Kt9DJcBtz7Plu8fhndwR2wrHJ6+wTu1dBvHCb7wQKIjyXmyOz4\/2Ttx2g17M6u+jM5QksxQWdjCJZgRJNPVggA+y1SAntsKfJ4m1GoyIKybTawr6uD1hWr6vkrd+Ecu6oWrRNq\/rE2kd5HdnetGWKlyKHQOfrS\/Q=="},{"filename":"Profile.02.xtu","signature":"HQerUJA4K3YGBWYVl4lh1ZHRhl3evv4J3lXhRWwki\/NOw5rfmhctSFvd9AEsoP1phiVa+qt7Xwv1yMLsNNBmbExe9JAMgtl5pF04PQe8Hu1Nu43qsr3MtCwHSXOHq\/bfFA1Vhn0YBnYFq4YR87xitU5LWv2N5wDmD+sIpuh8IfZ0rdyWAHGuRgDAQa53MMhZrQVMA2J1x8txepkELZ+TEzaXy3SztfUi515TD1g0iq6SAXYPiRnAdqqaQdFWierjeSIu6a\/OM\/atgV\/2BD5nq+k+KS\/X3sQpTZby6o1fG845yQezJfcRGsxZAOtbZDt2yZuOKsGxgld\/Ab\/XnfvLpw=="},{"filename":"Profile.Custom.xtu","signature":"HQerUJA4K3YGBWYVl4lh1ZHRhl3evv4J3lXhRWwki\/NOw5rfmhctSFvd9AEsoP1phiVa+qt7Xwv1yMLsNNBmbExe9JAMgtl5pF04PQe8Hu1Nu43qsr3MtCwHSXOHq\/bfFA1Vhn0YBnYFq4YR87xitU5LWv2N5wDmD+sIpuh8IfZ0rdyWAHGuRgDAQa53MMhZrQVMA2J1x8txepkELZ+TEzaXy3SztfUi515TD1g0iq6SAXYPiRnAdqqaQdFWierjeSIu6a\/OM\/atgV\/2BD5nq+k+KS\/X3sQpTZby6o1fG845yQezJfcRGsxZAOtbZDt2yZuOKsGxgld\/Ab\/XnfvLpw=="},{"filename":"Profile.Default.xtu","signature":"ZoD2IKHREll8q8MLf2sEAm27VmuGKncRWCK15o2D6Y74VLgPh0gVFDomkVAbu+JX0MHMbrQWa73vXQRy2U\/7qdC9Husjgg3LI5aky5wCZvJNDDkqBIzXehl2Vh5CxpuLmqO\/lgzao2fa+vzRmGCMeIxY4gyTE6HmP9rp\/5O0P+UcSuWRbbdkH31Gu2D3lQsMotLf+al24+G3Nrmtt8W8c5A7oyGoiwKE3a12pILcxSgU0Eomct0vAUvKqUNbEEack7\/VGTRaLQASshzlJiF1WNSASDQ1tFO\/Gi1byalCJ+jqhGRZN0PZU49tDyUUwVUpEGMn8sZqACWMm\/vsI8sagg=="}]}