{"signed_files":[{"filename":"Config.json","signature":"kSIoBZtnegR0g38PTy4wv9HfYimEY5\/ftlOzTGE5ml9h8TxJu6ZnSwBxCtvty6Neeess03BiIzZZSehn2HAzHbx4fC0K69C2+d9a79m88Br418KmeKNQS6rKNJnlFqI5LhcKq92CZFE9uF0JDVms5G+6lpd3ma3uZc2ZMGLSsqh99\/LqR4jPskJ7ph2NJIDDFxlkxg0+aTAN9cW2oPPzgJj8bLL0IP8LVkxs+U9xTfEYDkhja7saaeW82+7iaTokww1AprLoZi3YYf4jf0z5nazeirMXYYpBE\/gK3h\/Dx+WDi3pkmX5R88vsnLgrCMEOgTYh6aooOl9GgCTS3eE3bw=="},{"filename":"Profile.01.xtu","signature":"aQsPLoCWckVzw30kiYePajmJFgNuALTVlFH6Gsn1GWHZBV3uwl0SS2cRau4gsrmnepl+wHm0t4uZw+0h3U5S8Q7gL12keUKdR6zCpapUW3ccT0VJ\/O\/yvJHlVMvCwYGQFTKYCrBVZu1roSEIOs3UJfK7MEan9TRm+c0HXvYKoKWKQCVsJBF7FHmT\/bPf8TMTDHV7wGWZCe8XRZJMBiz+2Gxwxzxnp3DCXR1QnhMWk\/xmbUNjRZFW1NhMyad0bJN+YXWGZvAZAMPs7XERIOrwFaW4HiNLbC32scU48ZvwokL\/EmiK8riwqDgiErN\/Qe8EwvyLwimbvvA1xf+rQmiDfw=="},{"filename":"Profile.02.xtu","signature":"DQyMDYehlp2GPRfehn6Ci+iTUDXSyTFApIPDyvsCOAdrjA6rC8SKKMbso1ncQozZnj2Qmj+AME\/nOoV6+qn0yt4tnrOW7VBy1nV5Nn\/uxaHtlwmIAH60qnrjhut7sqHm\/o6HrZRMrgMDta2+9K8QX3FNqxyPhHOJAq4xdSJwVRqvOe0dMzEPAe4PLvNK\/Wtc8uqZdz76HgOleMe6BZLocFThAQ9WplqhhqYXDIFkUDdCgEuMxxJhwlXIx1EQOa0+rMlqxRvaq5cMTEL4mLWnkvfOhX2gPNiyqMXHMO8MNJHGgPl7+Nv7P4zTCoa\/iIWD8p47TBT99WPPHLCRExKywQ=="},{"filename":"Profile.Custom.xtu","signature":"DQyMDYehlp2GPRfehn6Ci+iTUDXSyTFApIPDyvsCOAdrjA6rC8SKKMbso1ncQozZnj2Qmj+AME\/nOoV6+qn0yt4tnrOW7VBy1nV5Nn\/uxaHtlwmIAH60qnrjhut7sqHm\/o6HrZRMrgMDta2+9K8QX3FNqxyPhHOJAq4xdSJwVRqvOe0dMzEPAe4PLvNK\/Wtc8uqZdz76HgOleMe6BZLocFThAQ9WplqhhqYXDIFkUDdCgEuMxxJhwlXIx1EQOa0+rMlqxRvaq5cMTEL4mLWnkvfOhX2gPNiyqMXHMO8MNJHGgPl7+Nv7P4zTCoa\/iIWD8p47TBT99WPPHLCRExKywQ=="},{"filename":"Profile.Default.xtu","signature":"bLlFaEzykRXbfVUDWlG5GNjWaIrVnKOG0A4R9u6s4UUC6k\/HWL6r1C6T3qyxsSkwyaItqWebqGfldEe+TksU2e3ISfR\/gV72GbXZUUHHukJD7qZ0HKWKLm0VC1x8A1H2YkVIyIPc5ESPvL8Fmy90ClijMdS1g1UlQ0jNORPRBY9QnQlsDpiKLw8OvE\/Lp1SZk3JYBdEX7XMqckVxOdzaiXBAIUlTMzHDSpKJ0t5M5qE9H9SyEEiK4o+dGtfIkbzT++qwY586niBpWKYrH8x2U\/X9ISibuOXe+ZLwRWWJmwoSylVqFNvFJSYXtxenut\/1of5VCxhZGzEk3aMW5hGq0Q=="}]}