{"signed_files":[{"filename":"Config.json","signature":"GTKcv0X3R4CLw4uqErY1Mk+KDnsJ34H5+jOqsmc03fed7nsXoswRjpbElzxoDPbTidU506afJOtOUPw\/ejXS4ynB9hqeIVn+iCmH3JMSkowBhMMsv+FRqqQRx8mTCFz0liZXXakJLPCaVtf\/08G9MHXjf6sEc\/Ey\/lfWEx3ZEqlkWVFaKvlZisETjNMM4xHYlE\/BX\/vEbKV1MRHvoX7MlI16AWyEOC6uMsQYgv8zZbl6HJXQ8XS34kkaEAJlYuI7vcAnxK020xPJ3W8tQ9OXpsjerhMAQMXNagGsEY5aCfPPBB5cZwrI4CLhnPVWpu9zCgIcghSG5\/hpMG3bWS9iCA=="},{"filename":"Profile.01.xtu","signature":"T8zia45H3ee9r+FSQc\/0HJRy6qtRi1nVHaeBP77St9R3lfkmmQJUfGV\/hE8eMKpFsaNjNxkqCA1SFeMlUGtooRQ09BXiFcItOtJqHqhNgi6XiMuyxgDCDiwYG7eQqI2RrN07yUQMtgY83OD+PYrGzP+LmR4vPpR9jvEkj4zgI+Kh4fTmZoQc1P3Zr1WqRCnk\/04XkS\/APpkMSRRiIgBTwj\/RsLa\/GJ\/MlnAys60BjNb186ou\/Vdbn6suQ6KfOMYtq0pT5+1wtYE5e5qvqnoFibUdpr2RT3\/EKdblueyLyz4cZ\/SwfbhsWBgdSJ5O0lu50gVCJ3uWEaOywTI86EwFUg=="},{"filename":"Profile.02.xtu","signature":"LNBpakavtqMdwROkLbIoeRjpm1rNe+sTib9jPkg7YUiFote+c9\/ItOYeEixcLB4cl\/8CGgR3BILC7hRX2a6cnZ0eq+MQCUvqYvCJ8GLbpHK9WAQfUE4GmSuO1My9akrCzh7j6ZuQtFNm5rXIVoh774yzi+ajZ2S7d04wM3FHWI1tH5oGQ5R1jGVxxU2KJ\/GUaWAJLqGXOCaaX24hm2+fNslyBpwlRpbRnmFH\/2e7SLSvTIeIfPKAd6zpyq0fHQcjUSTvN8H5vEdshtxPiagkDccc\/PSeMn\/qAmKYOQ3l01B4oCEecsHEV2tbRU\/Z\/rFY7MhleCScVihRC9Fu7X2rNQ=="},{"filename":"Profile.Custom.xtu","signature":"LNBpakavtqMdwROkLbIoeRjpm1rNe+sTib9jPkg7YUiFote+c9\/ItOYeEixcLB4cl\/8CGgR3BILC7hRX2a6cnZ0eq+MQCUvqYvCJ8GLbpHK9WAQfUE4GmSuO1My9akrCzh7j6ZuQtFNm5rXIVoh774yzi+ajZ2S7d04wM3FHWI1tH5oGQ5R1jGVxxU2KJ\/GUaWAJLqGXOCaaX24hm2+fNslyBpwlRpbRnmFH\/2e7SLSvTIeIfPKAd6zpyq0fHQcjUSTvN8H5vEdshtxPiagkDccc\/PSeMn\/qAmKYOQ3l01B4oCEecsHEV2tbRU\/Z\/rFY7MhleCScVihRC9Fu7X2rNQ=="},{"filename":"Profile.Default.xtu","signature":"L\/clJRRZfZISdt08i0t82B2dMnrmBt7GBdlA6kMKLBZScsJFFZT7DbLfzRBQE6EOHKAeRIDx5A8GnmZe62TUUDvIxAFp7RiW9ZPdX3D0U4Ag2W5xn4gd0Yj\/lu3dceJh3cijZPYBZLSiI9\/uW9vBdZv5zkvKoPBLZWdLOqvNGfAIQm7m4wTtLC2zbip3bHtNncw2yQWJZAjByP\/N37Cbxmdn+tAOBBB45LTOjLo2bSMUi6eMqTGUDNeHqoOBiRgSxxT+NjNpjciHHrk8MQH\/uhib+Z\/XKbkyI7aiq4m0w9nHYDEKI7FuFq7LPATCBtuIEakNloISfx0Kvk3DiujCXw=="}]}