{"signed_files":[{"filename":"Config.json","signature":"Ln771yA13UlaSy2dGEr1wFGSj04u2ci2e1yXtlR\/SQXbYkIJ2hNUOAYt6BFRAYLVzEPjDigZsEWZCMMb1rHkfBrrIPt5TFusKOIvST40XyY2T+WJAre7wWrNZt2uCbvrWypvJNjTvE5Se9GKvCILbggQXjl2avxWSKLKEIAA0k\/08Pxr2h0428oeJnigoJE3fP3UZI2n0ORO6iTmSGKR8FOH5SG9yRybilu8ty7xvE0QqhxTP\/8UlpvbtVhNBNjUVEz2N+NwOZk85rE8dbx6Jd9ti+b2i+vnKNWiUFQqgyKLYuPOPHKfoZqipq0RogCq6IdqIxoddG4gpV2mdtLczw=="},{"filename":"Profile.01.xtu","signature":"HYNVo5pdqudHaEakp6PKU4prAFJJnT19SyUrS+hb5n9tW53x3Lx9HWi48RtYgnY7On6CeETUwAoA8+KEmyFBEjamUB8kW2g3r8xyyyfveW6i2LCQM1qAWShCiJx8yJB2fKdxuPMxRrn+oUxZh1hGuD9brp9qI\/ov0WAaWaaqlnZQHTEQyOPSA+LkNPIYpty2qQFu6\/wQv17XtMD8wGvfrPIaMTT5G8NTw1eOd8aWTIibBHF\/JASJrv9Ndjiu3lA3lHVcLeZKIexOKU4P0aGKjrR695SEI8b8DENzzez+29SKJ8wcNEQ4M\/rSwgkj+CTazlJE+QsWQcxrZ8b7iSm34Q=="},{"filename":"Profile.02.xtu","signature":"Pb0WwurLqYerJkGs0OZYRnDwFJgXq9UuKvn3KfLrt4ufOKsm9WMYkcGxxgYjiV7Sc2hBYWk\/JpArdKCWr3hIVhfqpQsWlzSsBUu9TTTzYlivLt7vgx9OonS4uaqHEOYLjPyojAWFZEUEAz7KtDDKa9iG6ngbaIryS7fOhXVww61I9abnPcOHNol+jmNQUwLX5Y311oAuyovIVIS9G4FgnLGfieOzx+yNtda5hmo\/zDE9H5mZM6zSFJ\/vlksIvZyAPdgBXYUCU3F2Arfz1CTzqtH1i5ZZ2AspSUYoqqvIkqOk9ohPCqhMBoUqfckag3q74zJZfbkP8HyTP5NTd5LfQQ=="},{"filename":"Profile.Custom.xtu","signature":"Pb0WwurLqYerJkGs0OZYRnDwFJgXq9UuKvn3KfLrt4ufOKsm9WMYkcGxxgYjiV7Sc2hBYWk\/JpArdKCWr3hIVhfqpQsWlzSsBUu9TTTzYlivLt7vgx9OonS4uaqHEOYLjPyojAWFZEUEAz7KtDDKa9iG6ngbaIryS7fOhXVww61I9abnPcOHNol+jmNQUwLX5Y311oAuyovIVIS9G4FgnLGfieOzx+yNtda5hmo\/zDE9H5mZM6zSFJ\/vlksIvZyAPdgBXYUCU3F2Arfz1CTzqtH1i5ZZ2AspSUYoqqvIkqOk9ohPCqhMBoUqfckag3q74zJZfbkP8HyTP5NTd5LfQQ=="},{"filename":"Profile.Default.xtu","signature":"ZOFvJQjVVAdOE2IOc\/a0KyhwOS0bwwoKKY0vstUQN\/l0aBvTFevuHKBV7cIHY9vEDqQUEcWFjGSeAVwIgMEq+48gpi4BSOYGno9Dfr\/xiaF0lutIX9huyrXUz69yHfusKHT1dqbjrRvJuixlNOr1Vv87VtiVsFAg36ZXyB2oep5Ur1SYzsPJ6wSzzk53wt3mRDrb7\/qYiEcF8zyKaeYoeHROwj5DN7wAVzar5\/GAhDOQsuSY\/ru5NWm3b8LaD\/iuKWL\/T0QVuZRnIOQpGZxItS7GCxy61tvWB4baZpJQV5yMLE4B5Bx1ZszLRqAVeHhdPG\/DjfVYnrC10W4a40JxtA=="}]}